fc_elyz_capex,shed_max,dispatch,algo,srand,ret,lcoe_opt,shed_rate_opt,capex,opex,xopt_sto,xopt_pv,xopt_wind,xopt_elyz,xopt_fc,xopt_hyTank
1000.0,0.0,1,GN_DIRECT,1,MAXEVAL_REACHED,0.5924741964061354,0.0,4.3144954107243314e7,1.2408565316591173e7,12433.7,20904.0,3213.75,140.59,1517.33,2904.4
1000.0,0.0,1,GN_DIRECT,2,MAXEVAL_REACHED,0.5924741964061354,0.0,4.3144954107243314e7,1.2408565316591173e7,12433.7,20904.0,3213.75,140.59,1517.33,2904.4
1000.0,0.0,1,GN_DIRECT,3,MAXEVAL_REACHED,0.5924741964061354,0.0,4.3144954107243314e7,1.2408565316591173e7,12433.7,20904.0,3213.75,140.59,1517.33,2904.4
1000.0,0.0,1,GN_DIRECT,4,MAXEVAL_REACHED,0.5924741964061354,0.0,4.3144954107243314e7,1.2408565316591173e7,12433.7,20904.0,3213.75,140.59,1517.33,2904.4
1000.0,0.0,1,GN_DIRECT,5,MAXEVAL_REACHED,0.5924741964061354,0.0,4.3144954107243314e7,1.2408565316591173e7,12433.7,20904.0,3213.75,140.59,1517.33,2904.4
1000.0,0.0,1,GN_CRS2_LM,1,XTOL_REACHED,0.5445597792148019,0.0,4.0077712808008686e7,1.0522524513640165e7,17070.0,22953.91,911.04,1168.24,1398.41,4022.51
1000.0,0.0,1,GN_CRS2_LM,2,XTOL_REACHED,0.5754477805343237,0.0,4.147192456350136e7,1.1559294538528604e7,16686.32,21164.32,2089.43,695.77,1398.43,34140.0
1000.0,0.0,1,GN_CRS2_LM,3,XTOL_REACHED,0.533946388193207,0.0,3.92471883235602e7,1.0800943073667623e7,11452.36,21138.87,2127.88,223.39,1398.1,3947.51
1000.0,0.0,1,GN_CRS2_LM,4,XTOL_REACHED,0.6322395200649391,0.0,4.522031769045234e7,1.3194851502402632e7,17070.0,20659.91,3321.81,598.48,1401.81,34140.0
1000.0,0.0,1,GN_CRS2_LM,5,XTOL_REACHED,0.5253314584722704,0.0,3.8823994702491105e7,1.05968910654404e7,9785.8,21212.32,2127.92,264.61,1428.16,4623.44
1000.0,0.0,1,GN_AGS,1,MAXEVAL_REACHED,0.5577623335425667,0.0,4.101589419628906e7,1.1196570827092486e7,12933.78,21207.44,2132.71,1329.43,1427.36,23600.44
1000.0,0.0,1,GN_AGS,2,MAXEVAL_REACHED,0.5577623335425667,0.0,4.101589419628906e7,1.1196570827092486e7,12933.78,21207.44,2132.71,1329.43,1427.36,23600.44
1000.0,0.0,1,GN_AGS,3,MAXEVAL_REACHED,0.5577623335425667,0.0,4.101589419628906e7,1.1196570827092486e7,12933.78,21207.44,2132.71,1329.43,1427.36,23600.44
1000.0,0.0,1,GN_AGS,4,MAXEVAL_REACHED,0.5577623335425667,0.0,4.101589419628906e7,1.1196570827092486e7,12933.78,21207.44,2132.71,1329.43,1427.36,23600.44
1000.0,0.0,1,GN_AGS,5,MAXEVAL_REACHED,0.5577623335425667,0.0,4.101589419628906e7,1.1196570827092486e7,12933.78,21207.44,2132.71,1329.43,1427.36,23600.44
1000.0,0.0,1,GN_ISRES,1,MAXEVAL_REACHED,0.609425301084544,0.0,4.498560610691364e7,1.1912378249064865e7,16019.41,23839.37,1671.38,2341.25,1756.55,29908.21
1000.0,0.0,1,GN_ISRES,2,MAXEVAL_REACHED,0.6089675483399123,0.0,4.38448055315354e7,1.2714175511137165e7,17065.13,20452.69,3032.51,320.89,1587.63,8064.96
1000.0,0.0,1,GN_ISRES,3,MAXEVAL_REACHED,0.6126134897852237,0.0,4.487454793172934e7,1.2821682615194732e7,12195.38,20961.14,3416.33,1249.14,1435.47,13802.25
1000.0,0.0,1,GN_ISRES,4,MAXEVAL_REACHED,0.5913237639757448,0.0,4.324863690818209e7,1.176071861863087e7,16229.83,23319.16,1814.77,994.85,1426.8,14834.86
1000.0,0.0,1,GN_ISRES,5,MAXEVAL_REACHED,0.6004685724327401,0.0,4.419194249527442e7,1.205259593794547e7,12845.96,24751.36,2149.51,235.55,1431.6,4724.46
1000.0,0.0,1,GN_ESCH,1,MAXEVAL_REACHED,0.5183307778469887,0.0,3.7421648559194274e7,1.148491972261785e7,8838.05,14031.14,4291.59,264.16,1402.92,4155.7
1000.0,0.0,1,GN_ESCH,2,MAXEVAL_REACHED,0.5196360580228612,0.0,3.756235659981291e7,1.151507891672186e7,8833.33,13984.85,4309.0,401.41,1402.91,3803.44
1000.0,0.0,1,GN_ESCH,3,MAXEVAL_REACHED,0.5761095081998341,0.0,4.1092361932890914e7,1.322949286762858e7,9554.82,12817.74,5708.83,184.43,1398.56,3749.83
1000.0,0.0,1,GN_ESCH,4,MAXEVAL_REACHED,0.5517916094421772,0.0,3.963909751143246e7,1.242817604551772e7,8906.86,13880.89,4991.68,189.69,1400.82,4050.07
1000.0,0.0,1,GN_ESCH,5,MAXEVAL_REACHED,0.5269170876271478,0.0,3.7940432397856064e7,1.1731187409686906e7,9013.08,13928.1,4475.78,186.63,1416.89,4226.53
1000.0,0.0,1,LN_SBPLX,1,XTOL_REACHED,0.6634342637211951,0.0,4.840461762919363e7,1.3647654262013199e7,14703.15,25309.76,2987.84,229.95,1398.01,1762.23
1000.0,0.0,1,LN_SBPLX,2,XTOL_REACHED,0.5823332706931273,0.0,4.2234392480206e7,1.2122881340971572e7,13855.38,20690.57,2926.07,107.91,1405.01,2692.9
1000.0,0.0,1,LN_SBPLX,3,XTOL_REACHED,0.7951575013477811,0.0,5.710470878449561e7,1.716370611978646e7,17070.0,25533.23,5223.16,10.44,1398.0,1066.44
1000.0,0.0,1,LN_SBPLX,4,XTOL_REACHED,0.821108142445707,0.0,5.909224889043894e7,1.846752212726055e7,10794.21,22953.85,7285.74,69.53,1398.16,2328.9
1000.0,0.0,1,LN_SBPLX,5,XTOL_REACHED,0.7241356019740983,0.0,5.202142227597665e7,1.5458333520296155e7,17070.0,23830.05,4353.31,15.13,1398.0,1436.59
1000.0,0.0,1,LN_NELDERMEAD,1,XTOL_REACHED,0.7683013808479842,0.0,5.595241444606317e7,1.6682008673845964e7,12394.8,23780.01,5558.7,418.08,2396.45,10290.57
1000.0,0.0,1,LN_NELDERMEAD,2,XTOL_REACHED,0.9346405120021258,0.0,7.713001589461705e7,1.7882363345678266e7,13861.06,23576.15,3490.28,29020.74,1933.59,21203.48
1000.0,0.0,1,LN_NELDERMEAD,3,XTOL_REACHED,0.8696550308943546,0.0,6.273781508091164e7,1.911515687162635e7,16673.92,25248.97,6561.27,12.01,2825.91,1015.48
1000.0,0.0,1,LN_NELDERMEAD,4,XTOL_REACHED,0.8525945485538747,0.0,6.1741743445339605e7,1.9105748690627947e7,15290.14,19847.14,7510.26,4061.98,1398.41,34140.0
1000.0,0.0,1,LN_NELDERMEAD,5,XTOL_REACHED,1.037593282062117,1.0804948435349009e-5,8.46394969999596e7,2.0403587045586023e7,15978.77,25457.39,4643.86,28381.24,3045.46,22296.28
1000.0,0.0,2,GN_DIRECT,1,MAXEVAL_REACHED,0.24698357355570866,0.0,1.5972626597918453e7,5.156133219438419e6,3161.11,801.65,2880.7,1693.72,1308.85,24024.44
1000.0,0.0,2,GN_DIRECT,2,MAXEVAL_REACHED,0.24698357355570866,0.0,1.5972626597918453e7,5.156133219438419e6,3161.11,801.65,2880.7,1693.72,1308.85,24024.44
1000.0,0.0,2,GN_DIRECT,3,MAXEVAL_REACHED,0.24698357355570866,0.0,1.5972626597918453e7,5.156133219438419e6,3161.11,801.65,2880.7,1693.72,1308.85,24024.44
1000.0,0.0,2,GN_DIRECT,4,MAXEVAL_REACHED,0.24698357355570866,0.0,1.5972626597918453e7,5.156133219438419e6,3161.11,801.65,2880.7,1693.72,1308.85,24024.44
1000.0,0.0,2,GN_DIRECT,5,MAXEVAL_REACHED,0.24698357355570866,0.0,1.5972626597918453e7,5.156133219438419e6,3161.11,801.65,2880.7,1693.72,1308.85,24024.44
1000.0,0.0,2,GN_CRS2_LM,1,XTOL_REACHED,0.2398832997686731,0.0,1.5793285579723205e7,4.935288072385639e6,3197.87,1951.78,2521.26,1384.4,1310.82,15339.12
1000.0,0.0,2,GN_CRS2_LM,2,XTOL_REACHED,0.23989122469653698,0.0,1.5792465757293193e7,4.934115743575194e6,3198.5,1951.89,2520.03,1387.23,1311.1,15349.66
1000.0,0.0,2,GN_CRS2_LM,3,XTOL_REACHED,0.2398736519181953,0.0,1.5792501880160773e7,4.934913276294289e6,3197.5,1951.95,2520.99,1384.73,1310.58,15339.99
1000.0,0.0,2,GN_CRS2_LM,4,XTOL_REACHED,0.23988709756685786,0.0,1.5794705342698853e7,4.93554828179022e6,3197.75,1954.4,2521.02,1383.71,1310.68,15343.13
1000.0,0.0,2,GN_CRS2_LM,5,XTOL_REACHED,0.23992288412017768,0.0,1.5794059908572292e7,4.93403239057211e6,3203.1,1956.4,2518.69,1386.9,1310.56,15508.01
1000.0,0.0,2,GN_AGS,1,MAXEVAL_REACHED,0.27190167810392757,0.0,1.7487628926757812e7,5.515841274678944e6,6415.84,1804.41,2591.13,1671.16,1519.88,20999.93
1000.0,0.0,2,GN_AGS,2,MAXEVAL_REACHED,0.27190167810392757,0.0,1.7487628926757812e7,5.515841274678944e6,6415.84,1804.41,2591.13,1671.16,1519.88,20999.93
1000.0,0.0,2,GN_AGS,3,MAXEVAL_REACHED,0.27190167810392757,0.0,1.7487628926757812e7,5.515841274678944e6,6415.84,1804.41,2591.13,1671.16,1519.88,20999.93
1000.0,0.0,2,GN_AGS,4,MAXEVAL_REACHED,0.27190167810392757,0.0,1.7487628926757812e7,5.515841274678944e6,6415.84,1804.41,2591.13,1671.16,1519.88,20999.93
1000.0,0.0,2,GN_AGS,5,MAXEVAL_REACHED,0.27190167810392757,0.0,1.7487628926757812e7,5.515841274678944e6,6415.84,1804.41,2591.13,1671.16,1519.88,20999.93
1000.0,0.0,2,GN_ISRES,1,XTOL_REACHED,0.2398769695442701,0.0,1.5793080449094411e7,4.934969310782498e6,3197.68,1953.17,2520.79,1384.4,1310.64,15343.28
1000.0,0.0,2,GN_ISRES,2,XTOL_REACHED,0.24002423985919386,0.0,1.5788370618053747e7,4.960674057406775e6,3154.59,1821.13,2570.12,1379.4,1311.93,15191.76
1000.0,0.0,2,GN_ISRES,3,XTOL_REACHED,0.2398760590648595,0.0,1.5793356480099026e7,4.93526667938508e6,3197.38,1952.41,2521.2,1384.28,1310.64,15338.72
1000.0,0.0,2,GN_ISRES,4,XTOL_REACHED,0.23988902524785546,0.0,1.5795167990541026e7,4.93670721990056e6,3196.37,1952.8,2522.55,1381.32,1310.58,15348.52
1000.0,0.0,2,GN_ISRES,5,XTOL_REACHED,0.23988534632414113,0.0,1.5785875920391364e7,4.937662623142891e6,3189.71,1918.38,2529.92,1389.81,1310.69,15281.37
1000.0,0.0,2,GN_ESCH,1,MAXEVAL_REACHED,0.2559666604388703,0.0,1.6982191026915144e7,5.649642630191215e6,2878.2,1162.42,3247.13,1093.09,1310.67,13996.77
1000.0,0.0,2,GN_ESCH,2,MAXEVAL_REACHED,0.248536683851493,0.0,1.6370854730140783e7,5.364937772133596e6,2967.4,1143.38,3024.01,1245.02,1318.24,16145.21
1000.0,0.0,2,GN_ESCH,3,MAXEVAL_REACHED,0.2925977619091738,0.0,1.951424121512955e7,6.8432774934339505e6,2464.78,536.19,4278.94,907.88,1312.81,13947.91
1000.0,0.0,2,GN_ESCH,4,MAXEVAL_REACHED,0.2442322477172539,0.0,1.5841604073200954e7,5.052253332976117e6,3105.5,1071.58,2759.39,1686.82,1308.79,19126.14
1000.0,0.0,2,GN_ESCH,5,MAXEVAL_REACHED,0.29169525191397105,0.0,1.925115194050892e7,6.762405685251045e6,2449.69,78.5,4289.37,1121.11,1350.77,18603.79
1000.0,0.0,2,LN_SBPLX,1,XTOL_REACHED,0.6180545482999165,-1.1158964047692939e-18,4.29734767819842e7,1.3594268593846215e7,17070.0,15968.57,4678.26,259.45,400.63,3371.81
1000.0,0.0,2,LN_SBPLX,2,XTOL_REACHED,0.2499811916433519,0.0,1.6272444207583345e7,5.331175302426264e6,3531.72,890.3,2977.26,1431.08,1301.19,19115.07
1000.0,0.0,2,LN_SBPLX,3,XTOL_REACHED,0.9958203158249397,9.39702235595195e-19,7.82576072400913e7,1.996710898112274e7,17059.75,22516.84,5401.3,25099.51,461.16,1549.78
1000.0,0.0,2,LN_SBPLX,4,XTOL_REACHED,0.33379298655000245,0.0,2.293357096104157e7,8.0118022389706755e6,2213.69,2052.19,4866.58,556.89,1298.57,9586.32
1000.0,0.0,2,LN_SBPLX,5,XTOL_REACHED,0.24502659165976168,0.0,1.6166936191200558e7,5.057811197425113e6,3127.94,1789.82,2624.39,1316.62,1610.64,14684.69
1000.0,0.0,2,LN_NELDERMEAD,1,XTOL_REACHED,0.2641076279991136,0.0,1.7823953267859336e7,5.835086195529334e6,2898.33,2228.13,3187.57,857.26,1304.33,22147.0
1000.0,0.0,2,LN_NELDERMEAD,2,XTOL_REACHED,0.31046980124305684,0.0,2.109527694294113e7,6.85310081788915e6,3281.26,994.26,3908.78,847.37,3410.92,18401.8
1000.0,0.0,2,LN_NELDERMEAD,3,XTOL_REACHED,0.9000051846476124,0.0,7.1774026694368e7,1.6419516197375234e7,14059.3,25604.4,2446.43,26174.22,589.32,2465.82
1000.0,0.0,2,LN_NELDERMEAD,4,XTOL_REACHED,0.3025085794653493,0.0,1.9612346641083706e7,6.132818173118102e6,3215.4,1.0,3479.74,2100.67,3389.06,21154.34
1000.0,0.0,2,LN_NELDERMEAD,5,XTOL_REACHED,0.28938020770741946,0.0,1.967362839577627e7,5.9464872147986805e6,3803.18,2448.97,2907.84,989.6,3410.49,32775.23
1000.0,1.0e-5,1,GN_DIRECT,1,MAXEVAL_REACHED,0.5189560669904484,9.999999999999936e-6,3.809775135945436e7,1.024674469190357e7,14194.58,21179.62,1420.55,421.48,1517.33,4214.81
1000.0,1.0e-5,1,GN_DIRECT,2,MAXEVAL_REACHED,0.5189560669904484,9.999999999999936e-6,3.809775135945436e7,1.024674469190357e7,14194.58,21179.62,1420.55,421.48,1517.33,4214.81
1000.0,1.0e-5,1,GN_DIRECT,3,MAXEVAL_REACHED,0.5189560669904484,9.999999999999936e-6,3.809775135945436e7,1.024674469190357e7,14194.58,21179.62,1420.55,421.48,1517.33,4214.81
1000.0,1.0e-5,1,GN_DIRECT,4,MAXEVAL_REACHED,0.5189560669904484,9.999999999999936e-6,3.809775135945436e7,1.024674469190357e7,14194.58,21179.62,1420.55,421.48,1517.33,4214.81
1000.0,1.0e-5,1,GN_DIRECT,5,MAXEVAL_REACHED,0.5189560669904484,9.999999999999936e-6,3.809775135945436e7,1.024674469190357e7,14194.58,21179.62,1420.55,421.48,1517.33,4214.81
1000.0,1.0e-5,1,GN_CRS2_LM,1,XTOL_REACHED,0.38912892484631934,9.99035396407302e-6,2.7309615732314378e7,8.135172914502748e6,17070.0,10451.92,1808.25,261.2,1397.99,5915.62
1000.0,1.0e-5,1,GN_CRS2_LM,2,XTOL_REACHED,0.4181206265774194,9.971304181020832e-6,3.0811378425868075e7,8.346467939102393e6,10166.02,16000.04,1507.76,535.59,1435.3,6444.17
1000.0,1.0e-5,1,GN_CRS2_LM,3,XTOL_REACHED,0.334401845947487,9.978010922702867e-6,2.2988171083744004e7,7.173570501872179e6,17066.71,6312.69,1933.54,363.79,1500.46,9932.17
1000.0,1.0e-5,1,GN_CRS2_LM,4,XTOL_REACHED,0.33482689942232485,9.967361260625628e-6,2.3699603997806497e7,7.110475259042359e6,12701.25,8051.9,1977.54,387.57,1476.6,7916.94
1000.0,1.0e-5,1,GN_CRS2_LM,5,XTOL_REACHED,0.3188379098598611,9.839435353286897e-6,2.2263954057313204e7,6.862138787810366e6,13628.84,6364.23,2042.43,405.3,1495.31,9608.47
1000.0,1.0e-5,1,GN_AGS,1,MAXEVAL_REACHED,0.4519958948326119,5.670059296760857e-6,3.386361464550781e7,8.775173405387769e6,14467.41,12306.05,1532.59,6205.38,1639.9,29268.22
1000.0,1.0e-5,1,GN_AGS,2,MAXEVAL_REACHED,0.4519958948326119,5.670059296760857e-6,3.386361464550781e7,8.775173405387769e6,14467.41,12306.05,1532.59,6205.38,1639.9,29268.22
1000.0,1.0e-5,1,GN_AGS,3,MAXEVAL_REACHED,0.4519958948326119,5.670059296760857e-6,3.386361464550781e7,8.775173405387769e6,14467.41,12306.05,1532.59,6205.38,1639.9,29268.22
1000.0,1.0e-5,1,GN_AGS,4,MAXEVAL_REACHED,0.4519958948326119,5.670059296760857e-6,3.386361464550781e7,8.775173405387769e6,14467.41,12306.05,1532.59,6205.38,1639.9,29268.22
1000.0,1.0e-5,1,GN_AGS,5,MAXEVAL_REACHED,0.4519958948326119,5.670059296760857e-6,3.386361464550781e7,8.775173405387769e6,14467.41,12306.05,1532.59,6205.38,1639.9,29268.22
1000.0,1.0e-5,1,GN_ISRES,1,MAXEVAL_REACHED,0.5101002218546871,8.315076739997002e-6,3.686478032936202e7,1.1276734823831316e7,8864.4,13806.21,4175.14,338.28,1439.48,5066.58
1000.0,1.0e-5,1,GN_ISRES,2,MAXEVAL_REACHED,0.49373439813734615,9.000737470490742e-6,3.583658122584173e7,9.92897530010815e6,16426.95,15391.69,1912.63,2724.35,1376.72,27309.95
1000.0,1.0e-5,1,GN_ISRES,3,MAXEVAL_REACHED,0.45905064073318236,8.553957252311507e-6,3.284555384224166e7,9.508286714194728e6,16332.48,12733.86,2250.15,1749.67,1401.44,27407.24
1000.0,1.0e-5,1,GN_ISRES,4,MAXEVAL_REACHED,0.48537575675469535,8.96332115221553e-6,3.551099345363428e7,9.835375264636984e6,15427.33,12970.6,2258.73,4362.08,1454.88,30207.02
1000.0,1.0e-5,1,GN_ISRES,5,MAXEVAL_REACHED,0.4920252982117006,8.294922287708626e-6,3.6366889031003304e7,9.741376663070362e6,16788.59,15821.47,1535.83,3401.59,1919.3,11038.58
1000.0,1.0e-5,1,GN_ESCH,1,MAXEVAL_REACHED,0.5184893565995464,9.98212418170002e-6,3.7262608480486006e7,1.1511943135722324e7,9856.42,13670.66,4288.07,207.94,1388.66,4015.78
1000.0,1.0e-5,1,GN_ESCH,2,MAXEVAL_REACHED,0.5403137107027565,9.888302858141912e-6,3.876624094241876e7,1.2229545905993689e7,8912.33,13058.11,5009.86,243.64,1395.83,4019.35
1000.0,1.0e-5,1,GN_ESCH,3,MAXEVAL_REACHED,0.5216007848277763,9.878105513340616e-6,3.767258879398224e7,1.1573892549209684e7,8647.0,14071.8,4364.2,274.85,1407.1,4144.82
1000.0,1.0e-5,1,GN_ESCH,4,MAXEVAL_REACHED,0.5141936301847495,9.918997152382763e-6,3.708659076097964e7,1.134406112417798e7,9952.11,13852.89,4099.85,426.79,1400.82,3488.16
1000.0,1.0e-5,1,GN_ESCH,5,MAXEVAL_REACHED,0.5115496672580743,9.918887859595578e-6,3.686691153095585e7,1.1350904272719001e7,8861.06,13668.04,4273.05,204.34,1400.39,4362.64
1000.0,1.0e-5,1,LN_SBPLX,1,XTOL_REACHED,0.5315709365640244,9.999997471850438e-6,3.847483885114358e7,1.0626943730190063e7,17020.02,20520.22,1576.11,187.87,1386.44,3594.28
1000.0,1.0e-5,1,LN_SBPLX,2,XTOL_REACHED,0.5097228580150094,9.999646357611846e-6,3.738610629940058e7,1.0087154402372155e7,13719.07,20797.75,1450.4,324.47,1422.7,4454.94
1000.0,1.0e-5,1,LN_SBPLX,3,XTOL_REACHED,0.685341518176734,9.99572201362234e-6,4.945768204948883e7,1.4308523869811514e7,17070.0,24445.08,3416.94,30.89,1357.61,1603.0
1000.0,1.0e-5,1,LN_SBPLX,4,XTOL_REACHED,0.6214408381020763,9.999999019885933e-6,4.287112079461473e7,1.4931573444285426e7,15707.84,8112.99,7256.87,37.73,1398.0,3769.29
1000.0,1.0e-5,1,LN_SBPLX,5,XTOL_REACHED,0.6075192919134412,9.999999279050459e-6,4.41188863130581e7,1.2493425610677846e7,15009.59,22648.6,2684.19,92.7,1397.99,2341.08
1000.0,1.0e-5,1,LN_NELDERMEAD,1,XTOL_REACHED,0.7921566985814372,9.633063447260186e-6,5.684675143064611e7,1.8091507162831113e7,10029.98,19532.17,7719.13,350.33,1720.73,12043.96
1000.0,1.0e-5,1,LN_NELDERMEAD,2,XTOL_REACHED,0.8701389912530153,9.997647593186205e-6,7.149948516892897e7,1.654040359536222e7,13762.58,22574.08,3024.73,26638.63,1552.61,19880.33
1000.0,1.0e-5,1,LN_NELDERMEAD,3,XTOL_REACHED,0.9460709968294728,1.0112739800863377e-5,7.23460724171833e7,2.0054401989985436e7,16285.99,25175.96,6156.47,12684.98,1398.05,5202.59
1000.0,1.0e-5,1,LN_NELDERMEAD,4,XTOL_REACHED,0.9239104938574618,9.997774465040939e-6,6.671553763140595e7,2.090305164985073e7,15967.21,22094.81,8359.9,1589.84,2962.05,2109.38
1000.0,1.0e-5,1,LN_NELDERMEAD,5,XTOL_REACHED,1.037593282062117,1.0804948435349009e-5,8.46394969999596e7,2.0403587045586023e7,15978.77,25457.39,4643.86,28381.24,3045.46,22296.28
1000.0,1.0e-5,2,GN_DIRECT,1,MAXEVAL_REACHED,0.24687730767108346,9.999999998679629e-6,1.596994713194569e7,5.156111659478322e6,3161.11,808.16,2880.29,1686.76,1306.77,24024.44
1000.0,1.0e-5,2,GN_DIRECT,2,MAXEVAL_REACHED,0.24687730767108346,9.999999998679629e-6,1.596994713194569e7,5.156111659478322e6,3161.11,808.16,2880.29,1686.76,1306.77,24024.44
1000.0,1.0e-5,2,GN_DIRECT,3,MAXEVAL_REACHED,0.24687730767108346,9.999999998679629e-6,1.596994713194569e7,5.156111659478322e6,3161.11,808.16,2880.29,1686.76,1306.77,24024.44
1000.0,1.0e-5,2,GN_DIRECT,4,MAXEVAL_REACHED,0.24687730767108346,9.999999998679629e-6,1.596994713194569e7,5.156111659478322e6,3161.11,808.16,2880.29,1686.76,1306.77,24024.44
1000.0,1.0e-5,2,GN_DIRECT,5,MAXEVAL_REACHED,0.24687730767108346,9.999999998679629e-6,1.596994713194569e7,5.156111659478322e6,3161.11,808.16,2880.29,1686.76,1306.77,24024.44
1000.0,1.0e-5,2,GN_CRS2_LM,1,XTOL_REACHED,0.23946761440515807,9.852493576900844e-6,1.576900151208445e7,4.923482490029905e6,3129.23,1952.65,2518.87,1389.0,1313.27,15357.84
1000.0,1.0e-5,2,GN_CRS2_LM,2,XTOL_REACHED,0.23949489555517772,9.502538464427064e-6,1.5770838738603521e7,4.924311109753958e6,3131.59,1954.58,2519.02,1387.48,1312.88,15424.18
1000.0,1.0e-5,2,GN_CRS2_LM,3,XTOL_REACHED,0.23945479276675827,9.932830891556404e-6,1.5769915897205923e7,4.924901451978852e6,3127.16,1951.82,2520.58,1386.09,1312.81,15346.7
1000.0,1.0e-5,2,GN_CRS2_LM,4,XTOL_REACHED,0.2394611562909725,9.897210882456753e-6,1.5768044149518903e7,4.922742524711732e6,3129.54,1952.83,2518.16,1390.43,1313.05,15361.02
1000.0,1.0e-5,2,GN_CRS2_LM,5,XTOL_REACHED,0.23944935498048348,9.965726462850855e-6,1.5769088126021365e7,4.924629554301223e6,3127.01,1951.36,2520.49,1386.21,1312.79,15365.5
1000.0,1.0e-5,2,GN_AGS,1,MAXEVAL_REACHED,0.2806524821500865,0.0,1.8414274349609375e7,5.779434020805975e6,3631.96,1104.3,3101.65,1471.12,2666.77,30343.43
1000.0,1.0e-5,2,GN_AGS,2,MAXEVAL_REACHED,0.2806524821500865,0.0,1.8414274349609375e7,5.779434020805975e6,3631.96,1104.3,3101.65,1471.12,2666.77,30343.43
1000.0,1.0e-5,2,GN_AGS,3,MAXEVAL_REACHED,0.2806524821500865,0.0,1.8414274349609375e7,5.779434020805975e6,3631.96,1104.3,3101.65,1471.12,2666.77,30343.43
1000.0,1.0e-5,2,GN_AGS,4,MAXEVAL_REACHED,0.2806524821500865,0.0,1.8414274349609375e7,5.779434020805975e6,3631.96,1104.3,3101.65,1471.12,2666.77,30343.43
1000.0,1.0e-5,2,GN_AGS,5,MAXEVAL_REACHED,0.2806524821500865,0.0,1.8414274349609375e7,5.779434020805975e6,3631.96,1104.3,3101.65,1471.12,2666.77,30343.43
1000.0,1.0e-5,2,GN_ISRES,1,XTOL_REACHED,0.2394691293029644,9.983893162447132e-6,1.5769665713656152e7,4.918457966827692e6,3137.24,1982.87,2508.77,1390.12,1309.05,15423.57
1000.0,1.0e-5,2,GN_ISRES,2,XTOL_REACHED,0.23951536800461706,9.991818497325328e-6,1.574737738667769e7,4.926555405749197e6,3110.76,1859.32,2538.87,1413.79,1315.41,15212.6
1000.0,1.0e-5,2,GN_ISRES,3,XTOL_REACHED,0.2394592503125361,9.991420792608113e-6,1.5778966815189872e7,4.932893075358636e6,3119.61,1951.14,2528.75,1370.37,1312.5,15305.35
1000.0,1.0e-5,2,GN_ISRES,4,XTOL_REACHED,0.2394456229759372,9.970158446938537e-6,1.5769209426832117e7,4.924573220880174e6,3127.05,1951.28,2520.41,1386.69,1312.8,15345.84
1000.0,1.0e-5,2,GN_ISRES,5,XTOL_REACHED,0.23948676062205213,9.97038693719531e-6,1.5768096382970436e7,4.92513214245151e6,3125.04,1940.84,2522.7,1390.54,1312.84,15608.72
1000.0,1.0e-5,2,GN_ESCH,1,MAXEVAL_REACHED,0.25240911975517694,7.898726476835418e-6,1.687076655258814e7,5.481985976709223e6,2938.81,1799.6,2996.66,1073.65,1310.67,12559.18
1000.0,1.0e-5,2,GN_ESCH,2,MAXEVAL_REACHED,0.24809707171598228,9.84554115414018e-6,1.6347572078353623e7,5.355014621693365e6,2894.9,1143.38,3024.01,1245.02,1320.33,16145.21
1000.0,1.0e-5,2,GN_ESCH,3,MAXEVAL_REACHED,0.292944213486956,9.986965590290126e-6,1.954871200994449e7,6.858337982269612e6,2373.96,535.4,4299.25,904.08,1312.81,13857.45
1000.0,1.0e-5,2,GN_ESCH,4,MAXEVAL_REACHED,0.24268456420149312,8.733904741713605e-6,1.582964379357659e7,5.056055228522316e6,3010.7,1196.36,2759.39,1554.91,1313.23,17806.51
1000.0,1.0e-5,2,GN_ESCH,5,MAXEVAL_REACHED,0.2942698935986816,9.826431730045755e-6,1.942538479088832e7,6.843479428498964e6,2347.18,26.71,4367.71,1121.8,1347.89,18906.55
1000.0,1.0e-5,2,LN_SBPLX,1,XTOL_REACHED,0.6071254579553841,9.99999971787779e-6,4.212177689539519e7,1.3400322378757617e7,17070.0,15229.49,4688.56,258.59,400.51,3522.48
1000.0,1.0e-5,2,LN_SBPLX,2,XTOL_REACHED,0.24944044342400012,9.999930476125178e-6,1.6247104016193964e7,5.320881413109424e6,3450.69,897.43,2977.15,1425.81,1301.4,19045.84
1000.0,1.0e-5,2,LN_SBPLX,3,XTOL_REACHED,0.9536665827407181,9.998828891784359e-6,7.534407556159253e7,1.8670880156529445e7,17069.37,22686.78,4412.73,25437.61,462.28,1531.4
1000.0,1.0e-5,2,LN_SBPLX,4,XTOL_REACHED,0.42597600636910005,9.99999999873257e-6,2.8909503300650824e7,1.0750843545722378e7,1770.9,1.0,7233.85,821.74,1340.25,10044.49
1000.0,1.0e-5,2,LN_SBPLX,5,XTOL_REACHED,0.2539373567343533,9.99936178930509e-6,1.708163088102637e7,5.184733421638076e6,3168.21,2968.28,2473.09,1300.85,1642.99,13977.14
1000.0,1.0e-5,2,LN_NELDERMEAD,1,XTOL_REACHED,0.294408785189469,8.427454822896221e-6,2.0190371424988214e7,6.4676609076557355e6,2673.7,1775.5,3591.29,756.14,2989.0,11659.4
1000.0,1.0e-5,2,LN_NELDERMEAD,2,XTOL_REACHED,0.319452532572831,3.7907483634355034e-6,2.2139893794744354e7,7.187467938892059e6,2543.68,1617.48,4110.09,696.37,3412.39,18193.06
1000.0,1.0e-5,2,LN_NELDERMEAD,3,XTOL_REACHED,0.9358819284493938,9.984366515850079e-6,7.52735415261438e7,1.685363537838192e7,13838.39,25601.41,2405.19,29898.98,581.62,12079.97
1000.0,1.0e-5,2,LN_NELDERMEAD,4,XTOL_REACHED,0.3015473539660729,9.937320173791017e-6,1.9555010684500184e7,6.127319758333527e6,3233.09,1.0,3480.81,2033.68,3388.58,21401.66
1000.0,1.0e-5,2,LN_NELDERMEAD,5,XTOL_REACHED,0.2701132815609018,5.661683817790007e-6,1.8044022974408764e7,5.2312972673459025e6,3459.0,2302.03,2430.36,1324.49,3413.99,32744.91
1000.0,0.0001,1,GN_DIRECT,1,MAXEVAL_REACHED,0.3041272137183334,9.999999999999944e-5,2.1638171123960055e7,6.830846586342964e6,8985.67,4120.04,2845.22,1264.44,1517.33,11380.0
1000.0,0.0001,1,GN_DIRECT,2,MAXEVAL_REACHED,0.3041272137183334,9.999999999999944e-5,2.1638171123960055e7,6.830846586342964e6,8985.67,4120.04,2845.22,1264.44,1517.33,11380.0
1000.0,0.0001,1,GN_DIRECT,3,MAXEVAL_REACHED,0.3041272137183334,9.999999999999944e-5,2.1638171123960055e7,6.830846586342964e6,8985.67,4120.04,2845.22,1264.44,1517.33,11380.0
1000.0,0.0001,1,GN_DIRECT,4,MAXEVAL_REACHED,0.3041272137183334,9.999999999999944e-5,2.1638171123960055e7,6.830846586342964e6,8985.67,4120.04,2845.22,1264.44,1517.33,11380.0
1000.0,0.0001,1,GN_DIRECT,5,MAXEVAL_REACHED,0.3041272137183334,9.999999999999944e-5,2.1638171123960055e7,6.830846586342964e6,8985.67,4120.04,2845.22,1264.44,1517.33,11380.0
1000.0,0.0001,1,GN_CRS2_LM,1,XTOL_REACHED,0.2519931228932021,9.983483584655505e-5,1.750530782726396e7,5.612017504082498e6,8026.52,2780.84,2411.54,618.6,1488.96,13823.81
1000.0,0.0001,1,GN_CRS2_LM,2,XTOL_REACHED,0.25257023752513563,9.980869861208354e-5,1.726443954028738e7,5.423833671279386e6,11608.35,2796.47,1883.32,942.8,1497.99,16683.59
1000.0,0.0001,1,GN_CRS2_LM,3,XTOL_REACHED,0.25195864989109673,9.948673722100556e-5,1.7895855136114266e7,5.462905157874378e6,6659.28,4254.89,2143.95,646.12,1498.68,13278.72
1000.0,0.0001,1,GN_CRS2_LM,4,XTOL_REACHED,0.2525585977242995,9.990235781684701e-5,1.788712908754144e7,5.487252297098859e6,7066.54,4128.16,2146.74,640.02,1495.8,13291.95
1000.0,0.0001,1,GN_CRS2_LM,5,XTOL_REACHED,0.25998169414437194,9.920486786516036e-5,1.7797964275235645e7,5.5840989732312e6,9245.16,2819.48,2211.14,1118.41,1494.07,34140.0
1000.0,0.0001,1,GN_AGS,1,MAXEVAL_REACHED,0.33210074582648713,7.34091589905717e-5,2.3633498439453125e7,7.240592306856809e6,12804.58,4698.61,2532.79,1796.18,2039.98,15807.25
1000.0,0.0001,1,GN_AGS,2,MAXEVAL_REACHED,0.33210074582648713,7.34091589905717e-5,2.3633498439453125e7,7.240592306856809e6,12804.58,4698.61,2532.79,1796.18,2039.98,15807.25
1000.0,0.0001,1,GN_AGS,3,MAXEVAL_REACHED,0.33210074582648713,7.34091589905717e-5,2.3633498439453125e7,7.240592306856809e6,12804.58,4698.61,2532.79,1796.18,2039.98,15807.25
1000.0,0.0001,1,GN_AGS,4,MAXEVAL_REACHED,0.33210074582648713,7.34091589905717e-5,2.3633498439453125e7,7.240592306856809e6,12804.58,4698.61,2532.79,1796.18,2039.98,15807.25
1000.0,0.0001,1,GN_AGS,5,MAXEVAL_REACHED,0.33210074582648713,7.34091589905717e-5,2.3633498439453125e7,7.240592306856809e6,12804.58,4698.61,2532.79,1796.18,2039.98,15807.25
1000.0,0.0001,1,GN_ISRES,1,MAXEVAL_REACHED,0.2644853608575991,9.086195132899495e-5,1.852058327306567e7,5.778946450909693e6,9359.88,4000.1,2154.1,597.42,1497.24,13109.77
1000.0,0.0001,1,GN_ISRES,2,XTOL_REACHED,0.2640780564367276,9.998093714201974e-5,1.8515385469003927e7,5.769288832328277e6,9219.98,4055.11,2151.55,585.33,1496.34,12722.03
1000.0,0.0001,1,GN_ISRES,3,XTOL_REACHED,0.26405086900266345,9.998843892505284e-5,1.853808633051575e7,5.765216342252865e6,9067.31,4124.57,2150.32,585.03,1493.78,12640.01
1000.0,0.0001,1,GN_ISRES,4,XTOL_REACHED,0.2595563718756496,9.978540990964892e-5,1.83505798354462e7,5.633813203769688e6,7994.2,4369.73,2112.88,611.58,1492.02,12796.73
1000.0,0.0001,1,GN_ISRES,5,MAXEVAL_REACHED,0.25636691707128595,9.837308379916035e-5,1.8185329349387877e7,5.560004595093799e6,7281.09,4331.44,2133.78,647.31,1513.33,12962.55
1000.0,0.0001,1,GN_ESCH,1,MAXEVAL_REACHED,0.3340772898572994,9.712565640026565e-5,2.4067090868765112e7,7.209908366606813e6,8878.2,8168.43,2397.36,577.68,1384.16,6248.13
1000.0,0.0001,1,GN_ESCH,2,MAXEVAL_REACHED,0.34082805440329306,9.990500486581458e-5,2.350522920890204e7,8.176031997184749e6,8581.03,2426.77,4274.94,358.79,1462.11,8174.06
1000.0,0.0001,1,GN_ESCH,3,MAXEVAL_REACHED,0.28774899287171185,9.949325563688868e-5,2.013806494755764e7,6.472530575813016e6,8962.81,4035.76,2697.44,450.06,1458.87,10262.98
1000.0,0.0001,1,GN_ESCH,4,MAXEVAL_REACHED,0.279311585038938,9.800380098860073e-5,1.9558732613438208e7,6.28507249530987e6,8594.83,3650.1,2666.2,554.65,1475.86,10248.52
1000.0,0.0001,1,GN_ESCH,5,MAXEVAL_REACHED,0.2819375387558077,9.960542241553988e-5,2.0367793863439392e7,5.961429586251581e6,8037.65,6481.57,1895.59,914.9,1419.87,9228.6
1000.0,0.0001,1,LN_SBPLX,1,XTOL_REACHED,0.349806155986572,9.989801919695094e-5,2.429201279295293e7,7.752460899125108e6,13773.35,6355.52,2688.68,277.67,1350.98,7111.43
1000.0,0.0001,1,LN_SBPLX,2,XTOL_REACHED,0.291574177350724,9.999990706123789e-5,2.11002257596461e7,6.111380746520545e6,8376.18,7325.37,1808.88,817.26,1422.48,9118.2
1000.0,0.0001,1,LN_SBPLX,3,XTOL_REACHED,0.6537739001573258,9.999999920243951e-5,4.6636622870077886e7,1.4064437317926088e7,17070.0,20195.93,4107.49,29.94,1219.47,1712.88
1000.0,0.0001,1,LN_SBPLX,4,XTOL_REACHED,0.5416103024337144,9.998906350509308e-5,3.691145265268805e7,1.3578499530101163e7,12353.11,2828.57,7682.8,158.03,1341.08,5851.6
1000.0,0.0001,1,LN_SBPLX,5,XTOL_REACHED,0.37564313839776015,9.994778552642326e-5,2.767080237830082e7,7.584056231776076e6,8142.08,13454.71,1674.46,528.74,1480.06,7530.46
1000.0,0.0001,1,LN_NELDERMEAD,1,XTOL_REACHED,0.3804506898547358,9.999039729319134e-5,2.709158566346064e7,8.86078664138468e6,5992.59,6174.01,4268.24,390.56,1450.06,7395.72
1000.0,0.0001,1,LN_NELDERMEAD,2,XTOL_REACHED,0.38135533793793747,9.926255509025237e-5,2.6606007133287188e7,8.722404345891958e6,11852.98,4633.28,3797.74,1394.04,1384.12,34107.9
1000.0,0.0001,1,LN_NELDERMEAD,3,XTOL_REACHED,0.8487269589921487,9.930178921667182e-5,7.083543479674412e7,1.574259124365679e7,7380.1,24543.8,2651.93,26714.46,1986.82,20996.81
1000.0,0.0001,1,LN_NELDERMEAD,4,XTOL_REACHED,0.9256060984165595,9.996867640944879e-5,7.604776150422055e7,1.9466429913893547e7,12720.03,7803.93,7441.99,31950.57,3409.07,30520.99
1000.0,0.0001,1,LN_NELDERMEAD,5,XTOL_REACHED,0.7837226315495379,9.989068027012543e-5,6.531067205268255e7,1.4464695723542184e7,11992.68,19832.01,2226.47,25916.47,2781.03,30863.74
1000.0,0.0001,2,GN_DIRECT,1,MAXEVAL_REACHED,0.2405914391194903,9.999999999999835e-5,1.5773294394561734e7,5.077411779414915e6,2529.81,1150.27,2845.15,1412.65,1322.46,17983.21
1000.0,0.0001,2,GN_DIRECT,2,MAXEVAL_REACHED,0.2405914391194903,9.999999999999835e-5,1.5773294394561734e7,5.077411779414915e6,2529.81,1150.27,2845.15,1412.65,1322.46,17983.21
1000.0,0.0001,2,GN_DIRECT,3,MAXEVAL_REACHED,0.2405914391194903,9.999999999999835e-5,1.5773294394561734e7,5.077411779414915e6,2529.81,1150.27,2845.15,1412.65,1322.46,17983.21
1000.0,0.0001,2,GN_DIRECT,4,MAXEVAL_REACHED,0.2405914391194903,9.999999999999835e-5,1.5773294394561734e7,5.077411779414915e6,2529.81,1150.27,2845.15,1412.65,1322.46,17983.21
1000.0,0.0001,2,GN_DIRECT,5,MAXEVAL_REACHED,0.2405914391194903,9.999999999999835e-5,1.5773294394561734e7,5.077411779414915e6,2529.81,1150.27,2845.15,1412.65,1322.46,17983.21
1000.0,0.0001,2,GN_CRS2_LM,1,XTOL_REACHED,0.23751129209124275,9.982088515615877e-5,1.5685522025123924e7,4.867990265699123e6,2474.28,1970.98,2535.97,1415.6,1335.56,34140.0
1000.0,0.0001,2,GN_CRS2_LM,2,XTOL_REACHED,0.23763723068763148,9.97271463457633e-5,1.5667679830900995e7,4.883543225204365e6,2440.29,1836.76,2575.61,1430.91,1336.62,34140.0
1000.0,0.0001,2,GN_CRS2_LM,3,XTOL_REACHED,0.2356054261828372,9.996282952671643e-5,1.556882313914545e7,4.840122750265051e6,2483.62,1945.41,2524.12,1384.38,1333.96,15357.29
1000.0,0.0001,2,GN_CRS2_LM,4,XTOL_REACHED,0.23562275374952113,9.99145452074393e-5,1.556445707334319e7,4.838192630604099e6,2484.29,1936.28,2523.74,1391.94,1334.08,15360.51
1000.0,0.0001,2,GN_CRS2_LM,5,XTOL_REACHED,0.2356390156754587,9.997402490735746e-5,1.5569116288536709e7,4.838970585910733e6,2484.78,1945.4,2522.71,1388.06,1335.13,15369.62
1000.0,0.0001,2,GN_AGS,1,MAXEVAL_REACHED,0.26983521460214854,5.9605505960728e-5,1.8148679805664062e7,5.310980267759865e6,2865.14,3473.42,2416.1,1337.76,2360.88,28501.4
1000.0,0.0001,2,GN_AGS,2,MAXEVAL_REACHED,0.26983521460214854,5.9605505960728e-5,1.8148679805664062e7,5.310980267759865e6,2865.14,3473.42,2416.1,1337.76,2360.88,28501.4
1000.0,0.0001,2,GN_AGS,3,MAXEVAL_REACHED,0.26983521460214854,5.9605505960728e-5,1.8148679805664062e7,5.310980267759865e6,2865.14,3473.42,2416.1,1337.76,2360.88,28501.4
1000.0,0.0001,2,GN_AGS,4,MAXEVAL_REACHED,0.26983521460214854,5.9605505960728e-5,1.8148679805664062e7,5.310980267759865e6,2865.14,3473.42,2416.1,1337.76,2360.88,28501.4
1000.0,0.0001,2,GN_AGS,5,MAXEVAL_REACHED,0.26983521460214854,5.9605505960728e-5,1.8148679805664062e7,5.310980267759865e6,2865.14,3473.42,2416.1,1337.76,2360.88,28501.4
1000.0,0.0001,2,GN_ISRES,1,XTOL_REACHED,0.2356149629715639,9.999577334206649e-5,1.5567667565116333e7,4.831791124025167e6,2495.8,1978.48,2509.93,1390.99,1331.87,15446.22
1000.0,0.0001,2,GN_ISRES,2,XTOL_REACHED,0.23578250631052414,9.99748822345552e-5,1.5522825947802708e7,4.846209761515967e6,2445.58,1735.33,2567.54,1450.99,1334.46,15786.59
1000.0,0.0001,2,GN_ISRES,3,XTOL_REACHED,0.2356067271832442,9.992326799523788e-5,1.5568762005453456e7,4.840049626106205e6,2484.0,1945.42,2524.01,1384.57,1333.95,15356.74
1000.0,0.0001,2,GN_ISRES,4,XTOL_REACHED,0.23560691005415949,9.997243636099958e-5,1.556865488032954e7,4.839739055037555e6,2484.0,1946.11,2523.61,1384.92,1334.09,15360.03
1000.0,0.0001,2,GN_ISRES,5,XTOL_REACHED,0.23560813772892222,9.99450279603812e-5,1.556861809314478e7,4.839994059627064e6,2483.81,1944.98,2524.05,1384.9,1333.95,15359.53
1000.0,0.0001,2,GN_ESCH,1,MAXEVAL_REACHED,0.23635150388107662,9.971451575174307e-5,1.5631046805790585e7,4.802439965723966e6,2567.49,2228.78,2430.2,1408.73,1330.75,15896.45
1000.0,0.0001,2,GN_ESCH,2,MAXEVAL_REACHED,0.24483730795279873,9.883726196095074e-5,1.6090836813539399e7,5.237437796674049e6,2261.84,937.04,3024.01,1362.69,1413.74,17849.04
1000.0,0.0001,2,GN_ESCH,3,MAXEVAL_REACHED,0.27645623921219753,9.999901074750274e-5,1.8358594628265955e7,6.356207860964022e6,1856.22,434.79,3998.59,1042.48,1336.67,16222.03
1000.0,0.0001,2,GN_ESCH,4,MAXEVAL_REACHED,0.23698567503562804,9.9682098808384e-5,1.5684903690812875e7,4.953195471287325e6,2401.72,1715.2,2666.2,1300.94,1341.26,15189.78
1000.0,0.0001,2,GN_ESCH,5,MAXEVAL_REACHED,0.24001267886161134,9.995708627242892e-5,1.5955924857681708e7,5.090257285931486e6,2355.61,1748.99,2774.48,1173.66,1336.99,14157.8
1000.0,0.0001,2,LN_SBPLX,1,XTOL_REACHED,0.6353062223081858,9.999998688341776e-5,4.370718675002703e7,1.4584785270376684e7,17070.0,12644.85,6055.7,197.25,363.75,3635.63
1000.0,0.0001,2,LN_SBPLX,2,XTOL_REACHED,0.2401584928906116,9.999647020703293e-5,1.5820607627816966e7,4.99258381033072e6,2378.77,1499.66,2717.0,1536.68,1331.45,13515.49
1000.0,0.0001,2,LN_SBPLX,3,XTOL_REACHED,0.8451429889761598,9.999872431331611e-5,6.573172665836908e7,1.5972307835286118e7,15338.39,24459.01,2900.91,19489.15,568.12,2511.28
1000.0,0.0001,2,LN_SBPLX,4,XTOL_REACHED,0.3131872689103447,9.999975362318904e-5,2.106213094663435e7,7.386866779172131e6,1542.03,186.98,4769.18,1445.92,1351.21,10993.26
1000.0,0.0001,2,LN_SBPLX,5,XTOL_REACHED,0.252708321417183,9.999995793269214e-5,1.7097495846251387e7,5.336766269123215e6,2542.74,2550.23,2750.33,1396.4,1316.1,10761.05
1000.0,0.0001,2,LN_NELDERMEAD,1,XTOL_REACHED,0.3301639087447767,9.894089355718866e-5,2.2046905891373273e7,7.749447312082843e6,6793.76,1618.37,4312.05,648.06,1178.65,10216.07
1000.0,0.0001,2,LN_NELDERMEAD,2,XTOL_REACHED,0.3036462102508041,9.996955672113736e-5,2.1017605460716944e7,6.711094900714227e6,2136.81,1713.21,3791.55,736.43,3393.53,16882.29
1000.0,0.0001,2,LN_NELDERMEAD,3,XTOL_REACHED,0.9580980512405578,9.574407766805196e-5,7.76821103059284e7,1.7072203887502715e7,16304.19,25602.92,2025.65,32865.72,494.58,2578.65
1000.0,0.0001,2,LN_NELDERMEAD,4,XTOL_REACHED,0.30084589827684677,9.954514042730811e-5,1.9467861776857365e7,6.032877713323798e6,2769.66,1.0,3437.53,2255.52,3392.7,22117.46
1000.0,0.0001,2,LN_NELDERMEAD,5,XTOL_REACHED,0.26406828770535895,9.969282545887006e-5,1.777649876935541e7,5.137281970977185e6,2551.13,2388.81,2449.09,1259.04,3359.12,33809.3
1000.0,0.001,1,GN_DIRECT,1,MAXEVAL_REACHED,0.21566001891883352,0.000991108084111797,1.4824217128637234e7,4.580752099621413e6,3933.83,1896.07,2216.74,1265.31,1334.69,16885.66
1000.0,0.001,1,GN_DIRECT,2,MAXEVAL_REACHED,0.21566001891883352,0.000991108084111797,1.4824217128637234e7,4.580752099621413e6,3933.83,1896.07,2216.74,1265.31,1334.69,16885.66
1000.0,0.001,1,GN_DIRECT,3,MAXEVAL_REACHED,0.21566001891883352,0.000991108084111797,1.4824217128637234e7,4.580752099621413e6,3933.83,1896.07,2216.74,1265.31,1334.69,16885.66
1000.0,0.001,1,GN_DIRECT,4,MAXEVAL_REACHED,0.21566001891883352,0.000991108084111797,1.4824217128637234e7,4.580752099621413e6,3933.83,1896.07,2216.74,1265.31,1334.69,16885.66
1000.0,0.001,1,GN_DIRECT,5,MAXEVAL_REACHED,0.21566001891883352,0.000991108084111797,1.4824217128637234e7,4.580752099621413e6,3933.83,1896.07,2216.74,1265.31,1334.69,16885.66
1000.0,0.001,1,GN_CRS2_LM,1,XTOL_REACHED,0.21341732641452435,0.0009997596364783043,1.4723671780708658e7,4.476793866465319e6,2324.13,2247.89,2236.39,1209.84,1362.1,16817.95
1000.0,0.001,1,GN_CRS2_LM,2,XTOL_REACHED,0.21348705174215196,0.0009961852782107107,1.4713146879013367e7,4.495434002300791e6,2676.0,2138.24,2236.66,1219.07,1349.84,16794.3
1000.0,0.001,1,GN_CRS2_LM,3,XTOL_REACHED,0.21351495158049325,0.0009980840666449465,1.4707776035244564e7,4.477216064211534e6,2273.89,2175.03,2253.28,1232.58,1369.41,16754.3
1000.0,0.001,1,GN_CRS2_LM,4,XTOL_REACHED,0.21350065099471055,0.0009993953865168898,1.471127951480871e7,4.491056460057779e6,2663.7,2137.24,2233.53,1230.59,1352.92,16806.57
1000.0,0.001,1,GN_CRS2_LM,5,XTOL_REACHED,0.21346571349783444,0.0009998685959320467,1.4711466745238455e7,4.4961157618621765e6,2674.05,2134.87,2238.27,1215.99,1350.33,16780.74
1000.0,0.001,1,GN_AGS,1,MAXEVAL_REACHED,0.24871564809997282,0.00038564586961539163,1.7256834517578125e7,5.3539839343903875e6,5999.09,2679.54,2384.84,1129.39,1639.9,31835.38
1000.0,0.001,1,GN_AGS,2,MAXEVAL_REACHED,0.24871564809997282,0.00038564586961539163,1.7256834517578125e7,5.3539839343903875e6,5999.09,2679.54,2384.84,1129.39,1639.9,31835.38
1000.0,0.001,1,GN_AGS,3,MAXEVAL_REACHED,0.24871564809997282,0.00038564586961539163,1.7256834517578125e7,5.3539839343903875e6,5999.09,2679.54,2384.84,1129.39,1639.9,31835.38
1000.0,0.001,1,GN_AGS,4,MAXEVAL_REACHED,0.24871564809997282,0.00038564586961539163,1.7256834517578125e7,5.3539839343903875e6,5999.09,2679.54,2384.84,1129.39,1639.9,31835.38
1000.0,0.001,1,GN_AGS,5,MAXEVAL_REACHED,0.24871564809997282,0.00038564586961539163,1.7256834517578125e7,5.3539839343903875e6,5999.09,2679.54,2384.84,1129.39,1639.9,31835.38
1000.0,0.001,1,GN_ISRES,1,XTOL_REACHED,0.21346081801774502,0.000999915345308422,1.4711399509946225e7,4.4967220925338715e6,2666.17,2137.52,2239.41,1212.59,1349.28,16772.5
1000.0,0.001,1,GN_ISRES,2,XTOL_REACHED,0.21347252774025835,0.0009977641946280632,1.4711710303342972e7,4.49574694512109e6,2666.95,2137.14,2238.27,1215.64,1350.72,16779.72
1000.0,0.001,1,GN_ISRES,3,XTOL_REACHED,0.2135348303258037,0.0009989081469685063,1.4696270862981467e7,4.490937149739148e6,2667.77,2084.96,2241.73,1250.1,1350.99,16815.05
1000.0,0.001,1,GN_ISRES,4,XTOL_REACHED,0.21357780896197134,0.000999713789955085,1.4755568222959425e7,4.508651721775529e6,2933.41,2201.26,2211.07,1205.38,1329.81,16799.26
1000.0,0.001,1,GN_ISRES,5,XTOL_REACHED,0.21352748967186977,0.0009989023377000958,1.4715689533600092e7,4.489633415921201e6,2597.49,2146.36,2236.79,1226.39,1362.33,16805.4
1000.0,0.001,1,GN_ESCH,1,MAXEVAL_REACHED,0.22056286076050052,0.0009994485569690971,1.552325430840966e7,4.611136558333311e6,3373.01,3427.44,2009.95,1062.66,1318.92,16711.23
1000.0,0.001,1,GN_ESCH,2,MAXEVAL_REACHED,0.21792703631708565,0.0009836530995154203,1.491850599336667e7,4.626027566166928e6,4271.9,1745.99,2236.31,1359.92,1327.69,16819.38
1000.0,0.001,1,GN_ESCH,3,MAXEVAL_REACHED,0.21594539451035255,0.000996564950118568,1.5039139393964205e7,4.544200977420227e6,3605.28,2634.06,2085.81,1186.73,1315.68,17070.0
1000.0,0.001,1,GN_ESCH,4,MAXEVAL_REACHED,0.21407673179962536,0.0009995459227670638,1.4794683338908594e7,4.547599124931279e6,2986.78,2131.87,2250.76,1143.52,1356.52,16712.64
1000.0,0.001,1,GN_ESCH,5,MAXEVAL_REACHED,0.21930396931366145,0.0009958117104577754,1.5381203220660321e7,4.59255873190293e6,2449.69,3200.43,2131.78,1040.2,1368.69,16480.2
1000.0,0.001,1,LN_SBPLX,1,XTOL_REACHED,0.3240839004764695,0.0009997690465050177,2.3147159038688205e7,6.872839548676436e6,10163.32,8540.39,1996.69,499.0,1048.87,6563.65
1000.0,0.001,1,LN_SBPLX,2,XTOL_REACHED,0.26859487723711684,0.0009999999656547067,1.9278969086914036e7,5.677070025628781e6,6772.64,6389.02,1890.79,639.55,1175.14,11562.03
1000.0,0.001,1,LN_SBPLX,3,XTOL_REACHED,0.7275871017066093,0.0009999999983483722,5.170084600854457e7,1.5826900800244674e7,17070.0,22341.76,4988.08,10.06,647.06,1016.13
1000.0,0.001,1,LN_SBPLX,4,XTOL_REACHED,0.34525663823879876,0.0009999997054018928,2.39210418884906e7,8.556985984687375e6,1524.3,1095.64,5496.36,787.35,1241.19,8705.72
1000.0,0.001,1,LN_SBPLX,5,XTOL_REACHED,0.23840261484342046,0.0009999510350232608,1.6643756732496174e7,5.339009373191174e6,4947.84,2234.86,2620.95,977.96,1269.65,11555.01
1000.0,0.001,1,LN_NELDERMEAD,1,XTOL_REACHED,0.2594817507479684,0.0009999165551788946,1.8381182993852373e7,5.708870965167772e6,5906.62,4241.29,2414.78,553.33,1407.94,14131.21
1000.0,0.001,1,LN_NELDERMEAD,2,XTOL_REACHED,0.27125767737703776,0.0009942248133434685,1.781337621462896e7,5.928313961737026e6,15697.03,1579.85,2090.47,1035.5,1257.64,17288.45
1000.0,0.001,1,LN_NELDERMEAD,3,XTOL_REACHED,0.8064943100700409,0.0009936407302375799,6.793611093110852e7,1.4247925264706574e7,4602.79,24417.36,1760.74,26635.06,3400.27,32947.74
1000.0,0.001,1,LN_NELDERMEAD,4,XTOL_REACHED,0.4224458351320069,0.0009988442626735503,2.987444008130061e7,1.0039585638454411e7,8961.6,1565.64,5399.4,1940.31,3193.59,34140.0
1000.0,0.001,1,LN_NELDERMEAD,5,XTOL_REACHED,0.23945600000707376,0.000999761094998403,1.6893410909424983e7,5.042879168977749e6,6499.34,2521.02,2069.53,906.05,2629.13,18625.13
1000.0,0.001,2,GN_DIRECT,1,MAXEVAL_REACHED,0.22765340215656588,0.0009992582203804173,1.5266666706204515e7,4.826316075200764e6,119.68,1511.84,2845.06,1334.59,1308.15,12628.83
1000.0,0.001,2,GN_DIRECT,2,MAXEVAL_REACHED,0.22765340215656588,0.0009992582203804173,1.5266666706204515e7,4.826316075200764e6,119.68,1511.84,2845.06,1334.59,1308.15,12628.83
1000.0,0.001,2,GN_DIRECT,3,MAXEVAL_REACHED,0.22765340215656588,0.0009992582203804173,1.5266666706204515e7,4.826316075200764e6,119.68,1511.84,2845.06,1334.59,1308.15,12628.83
1000.0,0.001,2,GN_DIRECT,4,MAXEVAL_REACHED,0.22765340215656588,0.0009992582203804173,1.5266666706204515e7,4.826316075200764e6,119.68,1511.84,2845.06,1334.59,1308.15,12628.83
1000.0,0.001,2,GN_DIRECT,5,MAXEVAL_REACHED,0.22765340215656588,0.0009992582203804173,1.5266666706204515e7,4.826316075200764e6,119.68,1511.84,2845.06,1334.59,1308.15,12628.83
1000.0,0.001,2,GN_CRS2_LM,1,XTOL_REACHED,0.22017743031567452,0.000999150208044601,1.4708414426450131e7,4.491530351050316e6,166.69,1959.74,2505.91,1412.24,1303.12,15416.8
1000.0,0.001,2,GN_CRS2_LM,2,XTOL_REACHED,0.22017293161418197,0.0009987530189164344,1.4708261748042813e7,4.4899266459314255e6,154.89,1959.1,2505.45,1414.46,1307.28,15422.04
1000.0,0.001,2,GN_CRS2_LM,3,XTOL_REACHED,0.22020996461924586,0.0009988983032113154,1.477765183392417e7,4.47459362290563e6,136.58,2241.2,2445.18,1358.76,1310.88,15817.4
1000.0,0.001,2,GN_CRS2_LM,4,XTOL_REACHED,0.220239817444378,0.000999668142703006,1.4743873670153756e7,4.492574977926181e6,167.72,2058.81,2489.31,1379.6,1309.96,15546.97
1000.0,0.001,2,GN_CRS2_LM,5,XTOL_REACHED,0.22020586553074076,0.0009999501576811844,1.4777838588259097e7,4.474519255658346e6,133.42,2241.29,2445.37,1358.42,1311.72,15818.14
1000.0,0.001,2,GN_AGS,1,MAXEVAL_REACHED,0.26852018559332425,0.00016273984810563383,1.816527661132813e7,5.676673612719644e6,3802.83,3148.37,2757.83,1337.76,1253.99,15107.12
1000.0,0.001,2,GN_AGS,2,MAXEVAL_REACHED,0.26852018559332425,0.00016273984810563383,1.816527661132813e7,5.676673612719644e6,3802.83,3148.37,2757.83,1337.76,1253.99,15107.12
1000.0,0.001,2,GN_AGS,3,MAXEVAL_REACHED,0.26852018559332425,0.00016273984810563383,1.816527661132813e7,5.676673612719644e6,3802.83,3148.37,2757.83,1337.76,1253.99,15107.12
1000.0,0.001,2,GN_AGS,4,MAXEVAL_REACHED,0.26852018559332425,0.00016273984810563383,1.816527661132813e7,5.676673612719644e6,3802.83,3148.37,2757.83,1337.76,1253.99,15107.12
1000.0,0.001,2,GN_AGS,5,MAXEVAL_REACHED,0.26852018559332425,0.00016273984810563383,1.816527661132813e7,5.676673612719644e6,3802.83,3148.37,2757.83,1337.76,1253.99,15107.12
1000.0,0.001,2,GN_ISRES,1,XTOL_REACHED,0.2201767396677592,0.0009999162304533862,1.4705456728811394e7,4.488582898798333e6,151.23,1954.09,2505.39,1418.4,1308.01,15419.05
1000.0,0.001,2,GN_ISRES,2,XTOL_REACHED,0.22027760242575453,0.000999903067661438,1.4749904662049381e7,4.471419921388907e6,163.03,2153.94,2454.07,1393.98,1312.27,15759.74
1000.0,0.001,2,GN_ISRES,3,XTOL_REACHED,0.22027439268188093,0.0009983735017317526,1.4758822711480198e7,4.479024328972626e6,152.36,2148.14,2462.78,1378.97,1316.46,15715.44
1000.0,0.001,2,GN_ISRES,4,XTOL_REACHED,0.22018566995164782,0.0009992004526938928,1.470560415328969e7,4.485494398453693e6,162.98,1969.1,2498.98,1421.65,1305.21,15454.58
1000.0,0.001,2,GN_ISRES,5,XTOL_REACHED,0.2202138550686758,0.0009997863328489534,1.4777305581294736e7,4.4735292472737795e6,130.91,2240.69,2444.7,1360.29,1313.26,15828.19
1000.0,0.001,2,GN_ESCH,1,MAXEVAL_REACHED,0.22128753275241422,0.0009930228360872883,1.479603619737363e7,4.438747684079245e6,91.84,2237.32,2408.19,1476.71,1360.92,16023.11
1000.0,0.001,2,GN_ESCH,2,MAXEVAL_REACHED,0.2231137333618005,0.0009898591552665672,1.5011273960403016e7,4.673859364092462e6,108.66,1880.93,2673.78,1215.07,1331.11,14642.95
1000.0,0.001,2,GN_ESCH,3,MAXEVAL_REACHED,0.2696665926454649,0.0009964683358932394,1.85650796363413e7,6.215314100076324e6,90.29,2067.74,3788.21,700.94,1283.54,11203.33
1000.0,0.001,2,GN_ESCH,4,MAXEVAL_REACHED,0.22111207915493605,0.0009958154156327363,1.485697503863662e7,4.502626604410064e6,77.64,2210.74,2473.21,1326.22,1381.83,15772.27
1000.0,0.001,2,GN_ESCH,5,MAXEVAL_REACHED,0.22244270676544828,0.0009765815386497852,1.5053894046701923e7,4.564471590441846e6,87.44,2514.53,2472.05,1205.62,1335.48,15714.78
1000.0,0.001,2,LN_SBPLX,1,XTOL_REACHED,0.6947120645446039,0.0009999961133533445,4.888437183461403e7,1.5131184135899106e7,17070.0,20576.66,4879.24,143.4,196.04,1388.89
1000.0,0.001,2,LN_SBPLX,2,XTOL_REACHED,0.22711298174514927,0.0009999958291084315,1.4983344663210608e7,4.768901146453837e6,696.42,1110.3,2818.22,1480.46,1248.23,18473.68
1000.0,0.001,2,LN_SBPLX,3,XTOL_REACHED,0.7929400016542606,0.00099999998306338,6.1482751407447875e7,1.4579087021032752e7,15152.48,23958.18,2114.03,18728.96,499.45,2561.39
1000.0,0.001,2,LN_SBPLX,4,XTOL_REACHED,0.22582017721428285,0.0009999938141313882,1.4825389735167025e7,4.665265482226279e6,448.59,1045.17,2762.3,1669.27,1261.12,19690.36
1000.0,0.001,2,LN_SBPLX,5,XTOL_REACHED,0.2240099704310363,0.0009999975797338248,1.5208840360999145e7,4.633604735118541e6,105.8,2586.07,2513.01,1141.62,1319.1,15356.8
1000.0,0.001,2,LN_NELDERMEAD,1,XTOL_REACHED,0.27332310814101585,0.0009998716785092697,1.885446920378074e7,6.272533435237018e6,88.8,2177.6,3793.09,695.81,1426.7,14917.09
1000.0,0.001,2,LN_NELDERMEAD,2,XTOL_REACHED,0.22305083198045145,0.000997014414246031,1.4944274358545559e7,4.4557706984967105e6,132.34,2475.43,2372.13,1467.61,1330.24,33940.5
1000.0,0.001,2,LN_NELDERMEAD,3,XTOL_REACHED,0.8647801377756839,0.000998749850101109,7.174299690274267e7,1.4084132477798833e7,185.88,25523.19,1299.8,33955.19,1738.85,8479.58
1000.0,0.001,2,LN_NELDERMEAD,4,XTOL_REACHED,0.28400119883885305,0.000999997782451486,1.8329168608142685e7,5.664115883871621e6,1960.23,1.0,3291.81,1892.82,3403.6,30163.97
1000.0,0.001,2,LN_NELDERMEAD,5,XTOL_REACHED,0.2795998930946114,0.00099779972478156,1.860623537240518e7,5.626728880634516e6,4231.31,1563.35,2787.44,1340.64,3343.0,11976.67
1000.0,0.01,1,GN_DIRECT,1,MAXEVAL_REACHED,0.22518224633385855,0.009999999019875493,1.4695007809424158e7,4.737753713429942e6,254.39,477.85,2950.95,1748.37,1138.0,22331.58
1000.0,0.01,1,GN_DIRECT,2,MAXEVAL_REACHED,0.22518224633385855,0.009999999019875493,1.4695007809424158e7,4.737753713429942e6,254.39,477.85,2950.95,1748.37,1138.0,22331.58
1000.0,0.01,1,GN_DIRECT,3,MAXEVAL_REACHED,0.22518224633385855,0.009999999019875493,1.4695007809424158e7,4.737753713429942e6,254.39,477.85,2950.95,1748.37,1138.0,22331.58
1000.0,0.01,1,GN_DIRECT,4,MAXEVAL_REACHED,0.22518224633385855,0.009999999019875493,1.4695007809424158e7,4.737753713429942e6,254.39,477.85,2950.95,1748.37,1138.0,22331.58
1000.0,0.01,1,GN_DIRECT,5,MAXEVAL_REACHED,0.22518224633385855,0.009999999019875493,1.4695007809424158e7,4.737753713429942e6,254.39,477.85,2950.95,1748.37,1138.0,22331.58
1000.0,0.01,1,GN_CRS2_LM,1,XTOL_REACHED,0.20516924107293294,0.00999746514422921,1.3971652230388895e7,4.308894728455387e6,2342.28,2252.71,2166.33,1208.35,845.29,16004.55
1000.0,0.01,1,GN_CRS2_LM,2,XTOL_REACHED,0.20516583385919804,0.00999969824505474,1.3976074311914004e7,4.310981659674005e6,2350.98,2263.41,2165.74,1199.36,844.87,16001.96
1000.0,0.01,1,GN_CRS2_LM,3,XTOL_REACHED,0.2051631513671085,0.009999930352532944,1.397183439822793e7,4.308818749036349e6,2340.77,2254.95,2166.1,1207.33,845.14,16004.19
1000.0,0.01,1,GN_CRS2_LM,4,XTOL_REACHED,0.20516512607226153,0.009998140162889224,1.397223677110538e7,4.308806855655306e6,2341.85,2255.63,2165.83,1207.28,845.33,16005.62
1000.0,0.01,1,GN_CRS2_LM,5,XTOL_REACHED,0.20516391099716563,0.00999914603823231,1.3972314691187019e7,4.308431697695657e6,2339.94,2257.63,2165.35,1207.46,845.17,16008.88
1000.0,0.01,1,GN_AGS,1,MAXEVAL_REACHED,0.23479699069648668,0.007324033794666891,1.613136444042969e7,4.877590285930141e6,2702.61,3148.37,2309.83,1604.48,893.92,30768.51
1000.0,0.01,1,GN_AGS,2,MAXEVAL_REACHED,0.23479699069648668,0.007324033794666891,1.613136444042969e7,4.877590285930141e6,2702.61,3148.37,2309.83,1604.48,893.92,30768.51
1000.0,0.01,1,GN_AGS,3,MAXEVAL_REACHED,0.23479699069648668,0.007324033794666891,1.613136444042969e7,4.877590285930141e6,2702.61,3148.37,2309.83,1604.48,893.92,30768.51
1000.0,0.01,1,GN_AGS,4,MAXEVAL_REACHED,0.23479699069648668,0.007324033794666891,1.613136444042969e7,4.877590285930141e6,2702.61,3148.37,2309.83,1604.48,893.92,30768.51
1000.0,0.01,1,GN_AGS,5,MAXEVAL_REACHED,0.23479699069648668,0.007324033794666891,1.613136444042969e7,4.877590285930141e6,2702.61,3148.37,2309.83,1604.48,893.92,30768.51
1000.0,0.01,1,GN_ISRES,1,XTOL_REACHED,0.2051671096764835,0.009994666949693858,1.397330869543352e7,4.30952276640019e6,2342.91,2257.77,2166.08,1204.71,845.18,16003.31
1000.0,0.01,1,GN_ISRES,2,XTOL_REACHED,0.20517303857946306,0.00999854133985093,1.3971754450213872e7,4.312256908582656e6,2325.64,2246.04,2172.47,1200.82,845.3,15963.59
1000.0,0.01,1,GN_ISRES,3,XTOL_REACHED,0.2052014532340372,0.009997804039841149,1.3956073296094093e7,4.3088226405891925e6,2230.94,2198.73,2186.42,1224.32,847.25,15910.64
1000.0,0.01,1,GN_ISRES,4,XTOL_REACHED,0.20516579087755946,0.009998213126066188,1.3970497902002577e7,4.30736336449624e6,2334.83,2253.98,2165.43,1211.47,845.25,16011.51
1000.0,0.01,1,GN_ISRES,5,XTOL_REACHED,0.20517115097589164,0.009999888343530277,1.3971986414688822e7,4.311001655692548e6,2318.76,2250.92,2171.15,1202.29,845.22,15973.74
1000.0,0.01,1,GN_ESCH,1,MAXEVAL_REACHED,0.20852411131487053,0.009973673285983987,1.4126344210727463e7,4.416504440864243e6,830.58,2097.02,2430.2,1136.68,865.29,14446.09
1000.0,0.01,1,GN_ESCH,2,MAXEVAL_REACHED,0.21275906519202703,0.009954370085937152,1.447503538800425e7,4.669446733704385e6,2729.82,1828.34,2495.77,937.3,841.8,14091.39
1000.0,0.01,1,GN_ESCH,3,MAXEVAL_REACHED,0.20799001138225504,0.009951757274202487,1.4023825455756782e7,4.461764167708609e6,1622.82,1588.78,2478.7,1210.93,851.37,14429.62
1000.0,0.01,1,GN_ESCH,4,MAXEVAL_REACHED,0.2065071521205799,0.0099944712092021,1.4080788240953976e7,4.41872940303737e6,2987.69,2119.35,2221.27,1066.4,838.54,15599.82
1000.0,0.01,1,GN_ESCH,5,MAXEVAL_REACHED,0.21157925622827484,0.009966047383628246,1.4055941347452022e7,4.505101847995096e6,787.26,1080.53,2667.49,1474.55,858.49,18134.78
1000.0,0.01,1,LN_SBPLX,1,XTOL_REACHED,0.24849356247972224,0.009999996429459687,1.7276376282198235e7,5.492683346217355e6,5376.99,4089.81,2420.24,405.86,799.96,12507.59
1000.0,0.01,1,LN_SBPLX,2,XTOL_REACHED,0.22621995430891004,0.00999969421721104,1.554448049621597e7,4.954241047762198e6,6420.48,2819.41,2151.0,789.7,785.2,13257.38
1000.0,0.01,1,LN_SBPLX,3,XTOL_REACHED,0.31836797728614946,0.009999590446336394,2.2736342576837435e7,6.3942663858252885e6,10826.7,9814.63,1314.35,1167.13,596.61,6858.27
1000.0,0.01,1,LN_SBPLX,4,XTOL_REACHED,0.22139402416737447,0.00999998955432897,1.454479390876896e7,4.784985025063286e6,232.97,596.83,3012.99,1524.05,860.9,20830.25
1000.0,0.01,1,LN_SBPLX,5,XTOL_REACHED,0.23132980021773736,0.00999999884531376,1.5994101690968156e7,5.155423895724101e6,3988.05,2837.41,2542.35,685.37,800.23,11933.53
1000.0,0.01,1,LN_NELDERMEAD,1,XTOL_REACHED,0.21356774228999761,0.009999770229550033,1.4710551449291801e7,4.444311197784166e6,3681.2,2402.91,2049.3,1182.3,1359.63,30204.1
1000.0,0.01,1,LN_NELDERMEAD,2,XTOL_REACHED,0.24185452987291392,0.00999525839903158,1.726201142433266e7,4.838386875301447e6,4679.24,3033.13,1909.38,1066.84,3412.39,28075.93
1000.0,0.01,1,LN_NELDERMEAD,3,XTOL_REACHED,0.8452905444274412,0.009999255402685476,7.219605778471622e7,1.466551096581784e7,16457.96,25604.93,227.2,33138.88,971.27,5608.76
1000.0,0.01,1,LN_NELDERMEAD,4,XTOL_REACHED,0.2741295231445905,0.009999613686785673,1.8216862872711934e7,5.720965161103395e6,1720.74,1.0,3394.42,1501.12,3414.0,22251.98
1000.0,0.01,1,LN_NELDERMEAD,5,XTOL_REACHED,0.29783190922614544,0.009735541091050456,2.0263820431496885e7,6.189283051706685e6,17070.0,2632.6,1732.65,853.13,3387.88,31149.59
1000.0,0.01,2,GN_DIRECT,1,MAXEVAL_REACHED,0.2172338577303426,0.009999999999999933,1.4334370991851019e7,4.639234375991894e6,0.0,1119.15,2845.0,1334.69,885.11,17608.56
1000.0,0.01,2,GN_DIRECT,2,MAXEVAL_REACHED,0.2172338577303426,0.009999999999999933,1.4334370991851019e7,4.639234375991894e6,0.0,1119.15,2845.0,1334.69,885.11,17608.56
1000.0,0.01,2,GN_DIRECT,3,MAXEVAL_REACHED,0.2172338577303426,0.009999999999999933,1.4334370991851019e7,4.639234375991894e6,0.0,1119.15,2845.0,1334.69,885.11,17608.56
1000.0,0.01,2,GN_DIRECT,4,MAXEVAL_REACHED,0.2172338577303426,0.009999999999999933,1.4334370991851019e7,4.639234375991894e6,0.0,1119.15,2845.0,1334.69,885.11,17608.56
1000.0,0.01,2,GN_DIRECT,5,MAXEVAL_REACHED,0.2172338577303426,0.009999999999999933,1.4334370991851019e7,4.639234375991894e6,0.0,1119.15,2845.0,1334.69,885.11,17608.56
1000.0,0.01,2,GN_CRS2_LM,1,XTOL_REACHED,0.21088112792996205,0.00999841010321268,1.4019551245034669e7,4.3262732074860055e6,42.95,2067.53,2430.54,1358.9,845.94,14661.09
1000.0,0.01,2,GN_CRS2_LM,2,XTOL_REACHED,0.2108822610578187,0.009998813972368781,1.401703381621542e7,4.3358676355220815e6,41.53,2023.32,2446.98,1353.22,845.22,14555.91
1000.0,0.01,2,GN_CRS2_LM,3,XTOL_REACHED,0.21088478050931098,0.009999488324915753,1.4019026291206483e7,4.326487708380397e6,43.43,2065.15,2431.1,1359.25,845.8,14655.41
1000.0,0.01,2,GN_CRS2_LM,4,XTOL_REACHED,0.2108789914815613,0.009999808787321754,1.4020087012492552e7,4.325928960334696e6,37.63,2069.24,2430.41,1358.88,846.78,14668.37
1000.0,0.01,2,GN_CRS2_LM,5,XTOL_REACHED,0.21088108867641764,0.009995892088757551,1.4018980552201247e7,4.325811485571885e6,38.71,2065.98,2430.74,1360.29,846.63,14664.88
1000.0,0.01,2,GN_AGS,1,MAXEVAL_REACHED,0.2552030754252871,0.00016167435572914113,1.7192301075195312e7,5.422181111026244e6,1831.61,1879.42,2982.87,1471.12,1574.06,13373.44
1000.0,0.01,2,GN_AGS,2,MAXEVAL_REACHED,0.2552030754252871,0.00016167435572914113,1.7192301075195312e7,5.422181111026244e6,1831.61,1879.42,2982.87,1471.12,1574.06,13373.44
1000.0,0.01,2,GN_AGS,3,MAXEVAL_REACHED,0.2552030754252871,0.00016167435572914113,1.7192301075195312e7,5.422181111026244e6,1831.61,1879.42,2982.87,1471.12,1574.06,13373.44
1000.0,0.01,2,GN_AGS,4,MAXEVAL_REACHED,0.2552030754252871,0.00016167435572914113,1.7192301075195312e7,5.422181111026244e6,1831.61,1879.42,2982.87,1471.12,1574.06,13373.44
1000.0,0.01,2,GN_AGS,5,MAXEVAL_REACHED,0.2552030754252871,0.00016167435572914113,1.7192301075195312e7,5.422181111026244e6,1831.61,1879.42,2982.87,1471.12,1574.06,13373.44
1000.0,0.01,2,GN_ISRES,1,XTOL_REACHED,0.21088233658621516,0.009997507482683214,1.4018441658746082e7,4.325552808425428e6,38.23,2065.38,2430.67,1360.74,846.8,14665.02
1000.0,0.01,2,GN_ISRES,2,XTOL_REACHED,0.21088355667046918,0.009999309138608057,1.4016621035334313e7,4.335385538894604e6,38.32,2023.08,2446.87,1353.95,845.87,14560.27
1000.0,0.01,2,GN_ISRES,3,MAXEVAL_REACHED,0.21088676156495204,0.009998641561323622,1.40059856964671e7,4.334681627309609e6,42.78,1988.45,2451.56,1367.23,845.47,14640.43
1000.0,0.01,2,GN_ISRES,4,XTOL_REACHED,0.2108885097222176,0.00999924898765037,1.4019130874456653e7,4.329252592298599e6,41.6,2054.95,2435.54,1356.4,846.12,14633.79
1000.0,0.01,2,GN_ISRES,5,XTOL_REACHED,0.21088857665431385,0.009997392059822476,1.4023920632759271e7,4.328272401362932e6,38.14,2073.17,2431.84,1353.01,846.58,14662.82
1000.0,0.01,2,GN_ESCH,1,MAXEVAL_REACHED,0.21272475530340643,0.009998493165038362,1.4087575374315426e7,4.366020611884077e6,443.82,2012.04,2430.2,1379.44,821.03,14531.99
1000.0,0.01,2,GN_ESCH,2,MAXEVAL_REACHED,0.216704964812542,0.009974330854603378,1.4159483332820842e7,4.499657909769372e6,3.56,1013.49,2732.35,1630.54,932.79,19381.24
1000.0,0.01,2,GN_ESCH,3,MAXEVAL_REACHED,0.21270694201421678,0.009945618572184645,1.414094303178951e7,4.260066565443215e6,5.48,2481.11,2292.55,1466.79,858.24,15916.4
1000.0,0.01,2,GN_ESCH,4,MAXEVAL_REACHED,0.21307156101592192,0.009998409918207862,1.4275841160168108e7,4.321808644618981e6,0.5,2629.2,2321.4,1326.22,857.34,15189.78
1000.0,0.01,2,GN_ESCH,5,MAXEVAL_REACHED,0.21927702007353453,0.009984035539972057,1.4624591357391471e7,4.261502669696736e6,0.32,3200.43,2131.78,1633.38,875.85,16885.63
1000.0,0.01,2,LN_SBPLX,1,XTOL_REACHED,0.43491721071853967,0.009999999922309117,2.9639096936103396e7,9.271785377398519e6,17049.09,11347.55,2582.02,131.51,85.49,998.8
1000.0,0.01,2,LN_SBPLX,2,XTOL_REACHED,0.2661133487899802,0.00999996928557182,1.8238982944671724e7,5.311580901390295e6,3625.63,6427.0,1962.04,966.93,612.62,13664.26
1000.0,0.01,2,LN_SBPLX,3,XTOL_REACHED,0.22632863243949403,0.009999999969361163,1.5406302690175785e7,4.448228763681779e6,111.36,4220.07,2078.74,1288.29,925.86,16877.38
1000.0,0.01,2,LN_SBPLX,4,XTOL_REACHED,0.2341051432163505,0.009999999889577912,1.5152259006559074e7,5.065520286327077e6,41.03,76.08,3309.61,1766.38,874.52,27572.27
1000.0,0.01,2,LN_SBPLX,5,XTOL_REACHED,0.2196787049115244,0.009999999566383458,1.4854176078706603e7,4.3534275466177035e6,65.87,3630.95,2137.22,1304.09,876.49,16423.99
1000.0,0.01,2,LN_NELDERMEAD,1,XTOL_REACHED,0.21306729942178879,0.00999961033915452,1.3999967393131662e7,4.409781265858653e6,52.75,1396.29,2606.78,1523.11,843.26,19805.32
1000.0,0.01,2,LN_NELDERMEAD,2,XTOL_REACHED,0.24715270056362132,0.009998381339556411,1.6628638808391998e7,4.597169394528831e6,191.02,2920.09,2206.76,1466.73,3040.05,34062.57
1000.0,0.01,2,LN_NELDERMEAD,3,XTOL_REACHED,0.910199261511249,0.009987955083528762,7.40050469437871e7,1.532171550311791e7,7295.66,25604.98,1583.83,33954.89,400.0,34117.02
1000.0,0.01,2,LN_NELDERMEAD,4,XTOL_REACHED,0.2719463435357115,0.009999841108924016,1.7517442143419214e7,5.3252195212251e6,93.99,1.0,3233.14,1932.34,3413.14,27330.84
1000.0,0.01,2,LN_NELDERMEAD,5,XTOL_REACHED,0.5465383796434303,0.009967168960237326,4.25439624648323e7,8.62461605633248e6,34.79,13693.53,1304.24,17390.88,3330.52,16654.34
